<?xml version="1.0" encoding="UTF-8"?> 
<beans xmlns="http://www.springframework.org/schema/beans" 
	xmlns:context="http://www.springframework.org/schema/context" 
	xmlns:xsi="http://www.w3.org/2001/XMLSchema-instance" 
	xmlns:aop="http://www.springframework.org/schema/aop"  
    xmlns:tx="http://www.springframework.org/schema/tx" 
    xmlns:p="http://www.springframework.org/schema/p" 
    xmlns:util="http://www.springframework.org/schema/util" 
    xmlns:jdbc="http://www.springframework.org/schema/jdbc"  
    xmlns:cache="http://www.springframework.org/schema/cache"
    xmlns:mvc="http://www.springframework.org/schema/mvc"    
    xsi:schemaLocation="  
    http://www.springframework.org/schema/context  
    http://www.springframework.org/schema/context/spring-context.xsd  
    http://www.springframework.org/schema/beans  
    http://www.springframework.org/schema/beans/spring-beans.xsd  
    http://www.springframework.org/schema/tx  
    http://www.springframework.org/schema/tx/spring-tx.xsd  
    http://www.springframework.org/schema/jdbc  
    http://www.springframework.org/schema/jdbc/spring-jdbc-3.1.xsd  
    http://www.springframework.org/schema/cache  
    http://www.springframework.org/schema/cache/spring-cache-3.1.xsd  
    http://www.springframework.org/schema/aop  
    http://www.springframework.org/schema/aop/spring-aop.xsd  
    http://www.springframework.org/schema/util  
    http://www.springframework.org/schema/util/spring-util.xsd
    http://www.springframework.org/schema/mvc  
    http://www.springframework.org/schema/mvc/spring-mvc.xsd"> 
    <!-- 配置数据库 -->
    <bean id="dbcp" class="org.apache.commons.dbcp.BasicDataSource">
    	<property name="username" value="root"></property>
    	<property name="password" value="990165"></property>
    	<property name="driverClassName" value="com.mysql.jdbc.Driver"></property>
    	<property name="url" value="jdbc:mysql://localhost:3306/webqq"></property>
    </bean>
    <!-- 配置SqlsessionFactory -->
    	<bean id="ssf" class="org.mybatis.spring.SqlSessionFactoryBean">
    		<property name="dataSource" ref="dbcp"></property>
    		<property name="mapperLocations" value="classpath:mapper/*.xml"></property>
    	</bean>
    	<!-- mapper扫描 -->
    	<bean id="mapperScanner" class="org.mybatis.spring.mapper.MapperScannerConfigurer">
    		<property name="basePackage" value="webqq.dao"></property>
    	</bean>
    </beans>